display_name,player_name,position_group,position
Frank Summers,Frank Summers,RB,RB
Jason Snelling,Jason Snelling,RB,RB
Marcel Reece,Marcel Reece,RB,RB
Mike Tolbert,Mike Tolbert,RB,RB
James Casey,James Casey,TE,TE
James Develin,James Develin,RB,RB
Patrick DiMarco,Patrick DiMarco,RB,RB
Kyle Juszczyk,Kyle Juszczyk,RB,RB
Tommy Bohanon,Tommy Bohanon,RB,RB
Zach Line,Zach Line,RB,RB
Keith Smith,Keith Smith,RB,RB
Roosevelt Nix,Roosevelt Nix,RB,RB
Michael Burton,Michael Burton,RB,RB
Andy Janovich,Andy Janovich,RB,RB
C.J. Ham,C.J. Ham,RB,RB
Patrick Ricard,Patrick Ricard,RB,RB
Alec Ingold,Alec Ingold,RB,RB
Jakob Johnson,Jakob Johnson,RB,RB
Khari Blasingame,Khari Blasingame,RB,RB
Reggie Gilliam,Reggie Gilliam,RB,RB
Adam Prentice,Adam Prentice,RB,RB
Mark Walton,Mark Walton,RB,RB
David Garrard,David Garrard,QB,QB
Donovan McNabb,Donovan McNabb,QB,QB
Jake Locker,Jake Locker,QB,QB
Jason Campbell,Jason Campbell,QB,QB
Jimmy Clausen,Jimmy Clausen,QB,QB
John Skelton,John Skelton,QB,QB
Johnny Manziel,Johnny Manziel,QB,QB
Josh Freeman,Josh Freeman,QB,QB
Kevin Kolb,Kevin Kolb,QB,QB
Kyle Orton,Kyle Orton,QB,QB
Matt Flynn,Matt Flynn,QB,QB
Matt Hasselbeck,Matt Hasselbeck,QB,QB
Peyton Manning,Peyton Manning,QB,QB
Tom Brady,Tom Brady,QB,QB
Drew Brees,Drew Brees,QB,QB
Josh McCown,Josh McCown,QB,QB
Shaun Hill,Shaun Hill,QB,QB
Carson Palmer,Carson Palmer,QB,QB
Tony Romo,Tony Romo,QB,QB
Ben Roethlisberger,Ben Roethlisberger,QB,QB
Eli Manning,Eli Manning,QB,QB
Matt Schaub,Matt Schaub,QB,QB
Philip Rivers,Philip Rivers,QB,QB
Aaron Rodgers,Aaron Rodgers,QB,QB
Alex Smith,Alex Smith,QB,QB
Matt Cassel,Matt Cassel,QB,QB
Ryan Fitzpatrick,Ryan Fitzpatrick,QB,QB
Jay Cutler,Jay Cutler,QB,QB
Drew Stanton,Drew Stanton,QB,QB
Matt Moore,Matt Moore,QB,QB
Chad Henne,Chad Henne,QB,QB
Joe Flacco,Joe Flacco,QB,QB
Josh Johnson,Josh Johnson,QB,QB
Matt Ryan,Matt Ryan,QB,QB
Brian Hoyer,Brian Hoyer,QB,QB
Chase Daniel,Chase Daniel,QB,QB
Mark Sanchez,Mark Sanchez,QB,QB
Matthew Stafford,Matthew Stafford,QB,QB
Colt McCoy,Colt McCoy,QB,QB
Sam Bradford,Sam Bradford,QB,QB
Andy Dalton,Andy Dalton,QB,QB
Blaine Gabbert,Blaine Gabbert,QB,QB
Cam Newton,Cam Newton,QB,QB
Christian Ponder,Christian Ponder,QB,QB
Colin Kaepernick,Colin Kaepernick,QB,QB
Ryan Mallett,Ryan Mallett,QB,QB
Scott Tolzien,Scott Tolzien,QB,QB
Tyrod Taylor,Tyrod Taylor,QB,QB
Andrew Luck,Andrew Luck,QB,QB
Brandon Weeden,Brandon Weeden,QB,QB
Brock Osweiler,Brock Osweiler,QB,QB
Case Keenum,Case Keenum,QB,QB
Kirk Cousins,Kirk Cousins,QB,QB
Nick Foles,Nick Foles,QB,QB
Russell Wilson,Russell Wilson,QB,QB
Ryan Tannehill,Ryan Tannehill,QB,QB
Geno Smith,Geno Smith,QB,QB
Matt Barkley,Matt Barkley,QB,QB
Mike Glennon,Mike Glennon,QB,QB
AJ McCarron,AJ McCarron,QB,QB
Blake Bortles,Blake Bortles,QB,QB
Derek Carr,Derek Carr,QB,QB
Jimmy Garoppolo,Jimmy Garoppolo,QB,QB
Teddy Bridgewater,Teddy Bridgewater,QB,QB
Tom Savage,Tom Savage,QB,QB
Brett Hundley,Brett Hundley,QB,QB
Jameis Winston,Jameis Winston,QB,QB
Marcus Mariota,Marcus Mariota,QB,QB
Sean Mannion,Sean Mannion,QB,QB
Taylor Heinicke,Taylor Heinicke,QB,QB
Trevor Siemian,Trevor Siemian,QB,QB
Carson Wentz,Carson Wentz,QB,QB
Cody Kessler,Cody Kessler,QB,QB
Dak Prescott,Dak Prescott,QB,QB
Jacoby Brissett,Jacoby Brissett,QB,QB
Jared Goff,Jared Goff,QB,QB
Paxton Lynch,Paxton Lynch,QB,QB
C.J. Beathard,C.J. Beathard,QB,QB
Chad Kelly,Chad Kelly,QB,QB
Cooper Rush,Cooper Rush,QB,QB
Deshaun Watson,Deshaun Watson,QB,QB
DeShone Kizer,DeShone Kizer,QB,QB
Joshua Dobbs,Joshua Dobbs,QB,QB
Nathan Peterman,Nathan Peterman,QB,QB
Nick Mullens,Nick Mullens,QB,QB
Baker Mayfield,Baker Mayfield,QB,QB
John Wolford,John Wolford,QB,QB
Josh Allen,Josh Allen,QB,QB
Josh Rosen,Josh Rosen,QB,QB
Kyle Allen,Kyle Allen,QB,QB
Lamar Jackson,Lamar Jackson,QB,QB
Mason Rudolph,Mason Rudolph,QB,QB
Sam Darnold,Sam Darnold,QB,QB
Tim Boyle,Tim Boyle,QB,QB
Daniel Jones,Daniel Jones,QB,QB
Drew Lock,Drew Lock,QB,QB
Dwayne Haskins,Dwayne Haskins,QB,QB
Jarrett Stidham,Jarrett Stidham,QB,QB
Kyler Murray,Kyler Murray,QB,QB
Ryan Finley,Ryan Finley,QB,QB
Will Grier,Will Grier,QB,QB
Chris Streveler,Chris Streveler,QB,QB
Jacob Eason,Jacob Eason,QB,QB
Jalen Hurts,Jalen Hurts,QB,QB
Joe Burrow,Joe Burrow,QB,QB
Jordan Love,Jordan Love,QB,QB
Justin Herbert,Justin Herbert,QB,QB
Tua Tagovailoa,Tua Tagovailoa,QB,QB
Tyler Huntley,Tyler Huntley,QB,QB
Davis Mills,Davis Mills,QB,QB
Justin Fields,Justin Fields,QB,QB
Kellen Mond,Kellen Mond,QB,QB
Mac Jones,Mac Jones,QB,QB
Sam Ehlinger,Sam Ehlinger,QB,QB
Trevor Lawrence,Trevor Lawrence,QB,QB
Trey Lance,Trey Lance,QB,QB
Zach Wilson,Zach Wilson,QB,QB
Desmond Ridder,Desmond Ridder,QB,QB
Kenny Pickett,Kenny Pickett,QB,QB
Malik Willis,Malik Willis,QB,QB
Sam Howell,Sam Howell,QB,QB
Adrian Peterson,Adrian Peterson,RB,RB
Ahmad Bradshaw,Ahmad Bradshaw,RB,RB
Alex Green,Alex Green,RB,RB
Alfonso Smith,Alfonso Smith,RB,RB
Andre Brown,Andre Brown,RB,RB
Anthony Dixon,Anthony Dixon,RB,RB
Antone Smith,Antone Smith,RB,RB
Arian Foster,Arian Foster,RB,RB
Ben Tate,Ben Tate,RB,RB
BenJarvus Green-Ellis,BenJarvus Green-Ellis,RB,RB
Bernard Scott,Bernard Scott,RB,RB
Brandon Jackson,Brandon Jackson,RB,RB
Brandon Jacobs,Brandon Jacobs,RB,RB
Bryce Brown,Bryce Brown,RB,RB
Cedric Benson,Cedric Benson,RB,RB
Chester Taylor,Chester Taylor,RB,RB
Chris Rainey,Chris Rainey,RB,RB
Da'Rel Scott,Da'Rel Scott,RB,RB
Dan Herron,Dan Herron,RB,RB
Daniel Thomas,Daniel Thomas,RB,RB
David Cobb,David Cobb,RB,RB
David Wilson,David Wilson,RB,RB
DeAngelo Williams,DeAngelo Williams,RB,RB
Deji Karim,Deji Karim,RB,RB
Delone Carter,Delone Carter,RB,RB
Denard Robinson,Denard Robinson,RB,RB
Derrick Ward,Derrick Ward,RB,RB
Donald Brown,Donald Brown,RB,RB
Dri Archer,Dri Archer,RB,RB
Evan Royster,Evan Royster,RB,RB
Felix Jones,Felix Jones,RB,RB
Fred Jackson,Fred Jackson,RB,RB
Isaac Redman,Isaac Redman,RB,RB
Isaiah Pead,Isaiah Pead,RB,RB
Jackie Battle,Jackie Battle,RB,RB
Jahvid Best,Jahvid Best,RB,RB
James Starks,James Starks,RB,RB
Jamie Harper,Jamie Harper,RB,RB
Javon Ringer,Javon Ringer,RB,RB
Jerome Harrison,Jerome Harrison,RB,RB
Joe McKnight,Joe McKnight,RB,RB
Johnathan Franklin,Johnathan Franklin,RB,RB
Joique Bell,Joique Bell,RB,RB
Jonas Gray,Jonas Gray,RB,RB
Jonathan Dwyer,Jonathan Dwyer,RB,RB
Jonathan Williams,Jonathan Williams,RB,RB
Joseph Addai,Joseph Addai,RB,RB
Karlos Williams,Karlos Williams,RB,RB
Kendall Hunter,Kendall Hunter,RB,RB
Kevin Smith,Kevin Smith,RB,RB
Khiry Robinson,Khiry Robinson,RB,RB
Knowshon Moreno,Knowshon Moreno,RB,RB
Lache Seastrunk,Lache Seastrunk,RB,RB
LaDainian Tomlinson,LaDainian Tomlinson,RB,RB
LaRod Stephens-Howling,LaRod Stephens-Howling,RB,RB
Leon Washington,Leon Washington,RB,RB
Marcus Lattimore,Marcus Lattimore,RB,RB
Marion Barber,Marion Barber,RB,RB
Maurice Jones-Drew,Maurice Jones-Drew,RB,RB
Maurice Morris,Maurice Morris,RB,RB
Michael Bush,Michael Bush,RB,RB
Michael Turner,Michael Turner,RB,RB
Mike Goodson,Mike Goodson,RB,RB
Mikel Leshoure,Mikel Leshoure,RB,RB
Montario Hardesty,Montario Hardesty,RB,RB
Montee Ball,Montee Ball,RB,RB
Peyton Hillis,Peyton Hillis,RB,RB
Phillip Tanner,Phillip Tanner,RB,RB
Pierre Thomas,Pierre Thomas,RB,RB
Rashad Jennings,Rashad Jennings,RB,RB
Rashard Mendenhall,Rashard Mendenhall,RB,RB
Ray Rice,Ray Rice,RB,RB
Reggie Bush,Reggie Bush,RB,RB
Ricky Williams,Ricky Williams,RB,RB
Ronnie Brown,Ronnie Brown,RB,RB
Roy Helu,Roy Helu,RB,RB
Ryan Grant,Ryan Grant,RB,RB
Ryan Torain,Ryan Torain,RB,RB
Ryan Williams,Ryan Williams,RB,RB
Shonn Greene,Shonn Greene,RB,RB
Stepfan Taylor,Stepfan Taylor,RB,RB
Steven Jackson,Steven Jackson,RB,RB
Tashard Choice,Tashard Choice,RB,RB
Thomas Jones,Thomas Jones,RB,RB
Toby Gerhart,Toby Gerhart,RB,RB
Tre Mason,Tre Mason,RB,RB
Vick Ballard,Vick Ballard,RB,RB
Willis McGahee,Willis McGahee,RB,RB
Zac Stacy,Zac Stacy,RB,RB
Darren Sproles,Darren Sproles,RB,RB
Frank Gore,Frank Gore,RB,RB
Marshawn Lynch,Marshawn Lynch,RB,RB
Chris Johnson,Chris Johnson,RB,RB
Danny Woodhead,Danny Woodhead,RB,RB
Darren McFadden,Darren McFadden,RB,RB
Jamaal Charles,Jamaal Charles,RB,RB
Jonathan Stewart,Jonathan Stewart,RB,RB
Justin Forsett,Justin Forsett,RB,RB
Matt Forte,Matt Forte,RB,RB
Tim Hightower,Tim Hightower,RB,RB
LeSean McCoy,LeSean McCoy,RB,RB
C.J. Spiller,C.J. Spiller,RB,RB
Chris Ivory,Chris Ivory,RB,RB
LeGarrette Blount,LeGarrette Blount,RB,RB
Ryan Mathews,Ryan Mathews,RB,RB
Anthony Sherman,Anthony Sherman,RB,RB
Bilal Powell,Bilal Powell,RB,RB
DeMarco Murray,DeMarco Murray,RB,RB
Dion Lewis,Dion Lewis,RB,RB
DuJuan Harris,DuJuan Harris,RB,RB
Jacquizz Rodgers,Jacquizz Rodgers,RB,RB
Jordan Todman,Jordan Todman,RB,RB
Matt Asiata,Matt Asiata,RB,RB
Shane Vereen,Shane Vereen,RB,RB
Shaun Draughn,Shaun Draughn,RB,RB
Stevan Ridley,Stevan Ridley,RB,RB
Taiwan Jones,Taiwan Jones,RB,RB
Alfred Morris,Alfred Morris,RB,RB
Bernard Pierce,Bernard Pierce,RB,RB
Bobby Rainey,Bobby Rainey,RB,RB
Brandon Bolden,Brandon Bolden,RB,RB
Chris Polk,Chris Polk,RB,RB
Daryl Richardson,Daryl Richardson,RB,RB
Doug Martin,Doug Martin,RB,RB
Fozzy Whittaker,Fozzy Whittaker,RB,RB
Joe Banyard,Joe Banyard,RB,RB
Jonathan Grimes,Jonathan Grimes,RB,RB
Lamar Miller,Lamar Miller,RB,RB
LaMichael James,LaMichael James,RB,RB
Lance Dunbar,Lance Dunbar,RB,RB
Robert Turbin,Robert Turbin,RB,RB
Ronnie Hillman,Ronnie Hillman,RB,RB
Travaris Cadet,Travaris Cadet,RB,RB
Andre Ellington,Andre Ellington,RB,RB
C.J. Anderson,C.J. Anderson,RB,RB
Chris Thompson,Chris Thompson,RB,RB
Christine Michael,Christine Michael,RB,RB
Cordarrelle Patterson,Cordarrelle Patterson,RB,RB
Eddie Lacy,Eddie Lacy,RB,RB
Giovani Bernard,Giovani Bernard,RB,RB
Joseph Randle,Joseph Randle,RB,RB
Kenjon Barner,Kenjon Barner,RB,RB
Kerwynn Williams,Kerwynn Williams,RB,RB
Knile Davis,Knile Davis,RB,RB
Latavius Murray,Latavius Murray,RB,RB
Le'Veon Bell,Le'Veon Bell,RB,RB
Mike Gillislee,Mike Gillislee,RB,RB
Mike James,Mike James,RB,RB
Rex Burkhead,Rex Burkhead,RB,RB
Spencer Ware,Spencer Ware,RB,RB
Theo Riddick,Theo Riddick,RB,RB
Alfred Blue,Alfred Blue,RB,RB
Andre Williams,Andre Williams,RB,RB
Antonio Andrews,Antonio Andrews,RB,RB
Bishop Sankey,Bishop Sankey,RB,RB
Branden Oliver,Branden Oliver,RB,RB
Carlos Hyde,Carlos Hyde,RB,RB
Charcandrick West,Charcandrick West,RB,RB
Charles Sims,Charles Sims,RB,RB
Damien Williams,Damien Williams,RB,RB
David Fluellen,David Fluellen,RB,RB
Devonta Freeman,Devonta Freeman,RB,RB
Isaiah Crowell,Isaiah Crowell,RB,RB
James White,James White,RB,RB
Jeremy Hill,Jeremy Hill,RB,RB
Jerick McKinnon,Jerick McKinnon,RB,RB
Juwan Thompson,Juwan Thompson,RB,RB
Ka'Deem Carey,Ka'Deem Carey,RB,RB
Kapri Bibbs,Kapri Bibbs,RB,RB
Lorenzo Taliaferro,Lorenzo Taliaferro,RB,RB
Orleans Darkwa,Orleans Darkwa,RB,RB
Senorise Perry,Senorise Perry,RB,RB
Storm Johnson,Storm Johnson,RB,RB
Terrance West,Terrance West,RB,RB
Tyler Gaffney,Tyler Gaffney,RB,RB
Ameer Abdullah,Ameer Abdullah,RB,RB
Cameron Artis-Payne,Cameron Artis-Payne,RB,RB
Corey Grant,Corey Grant,RB,RB
David Johnson,David Johnson,RB,RB
Javorius Allen,Javorius Allen,RB,RB
Jay Ajayi,Jay Ajayi,RB,RB
Jeremy Langford,Jeremy Langford,RB,RB
Josh Robinson,Josh Robinson,RB,RB
Malcolm Brown,Malcolm Brown,RB,RB
Marcus Murphy,Marcus Murphy,RB,RB
Matt Jones,Matt Jones,RB,RB
Mike Davis,Mike Davis,RB,RB
Raheem Mostert,Raheem Mostert,RB,RB
Rod Smith,Rod Smith,RB,RB
T.J. Yeldon,T.J. Yeldon,RB,RB
Tevin Coleman,Tevin Coleman,RB,RB
Thomas Rawls,Thomas Rawls,RB,RB
Zach Zenner,Zach Zenner,RB,RB
Alex Collins,Alex Collins,RB,RB
C.J. Prosise,C.J. Prosise,RB,RB
D.J. Foster,D.J. Foster,RB,RB
Darius Jackson,Darius Jackson,RB,RB
DeAndre Washington,DeAndre Washington,RB,RB
Derrick Henry,Derrick Henry,RB,RB
Devontae Booker,Devontae Booker,RB,RB
Dwayne Washington,Dwayne Washington,RB,RB
Elijhaa Penny,Elijhaa Penny,RB,RB
Ezekiel Elliott,Ezekiel Elliott,RB,RB
J.D. McKissic,J.D. McKissic,RB,RB
Jalen Richard,Jalen Richard,RB,RB
Jordan Howard,Jordan Howard,RB,RB
Josh Ferguson,Josh Ferguson,RB,RB
Keith Marshall,Keith Marshall,RB,RB
Kenneth Dixon,Kenneth Dixon,RB,RB
Kenyan Drake,Kenyan Drake,RB,RB
Paul Perkins,Paul Perkins,RB,RB
Peyton Barber,Peyton Barber,RB,RB
Tyler Ervin,Tyler Ervin,RB,RB
Wendell Smallwood,Wendell Smallwood,RB,RB
Aaron Jones,Aaron Jones,RB,RB
Alvin Kamara,Alvin Kamara,RB,RB
Austin Ekeler,Austin Ekeler,RB,RB
Brian Hill,Brian Hill,RB,RB
Chris Carson,Chris Carson,RB,RB
Christian McCaffrey,Christian McCaffrey,RB,RB
Corey Clement,Corey Clement,RB,RB
D'Onta Foreman,D'Onta Foreman,RB,RB
Dalvin Cook,Dalvin Cook,RB,RB
Dare Ogunbowale,Dare Ogunbowale,RB,RB
De'Angelo Henderson Sr.,De'Angelo Henderson Sr.,RB,RB
Donnel Pumphrey,Donnel Pumphrey,RB,RB
Elijah Hood,Elijah Hood,RB,RB
Elijah McGuire,Elijah McGuire,RB,RB
Jamaal Williams,Jamaal Williams,RB,RB
James Conner,James Conner,RB,RB
Jeremy McNichols,Jeremy McNichols,RB,RB
Joe Mixon,Joe Mixon,RB,RB
Joe Williams,Joe Williams,RB,RB
Kareem Hunt,Kareem Hunt,RB,RB
Leonard Fournette,Leonard Fournette,RB,RB
Marlon Mack,Marlon Mack,RB,RB
Matt Breida,Matt Breida,RB,RB
Matt Dayes,Matt Dayes,RB,RB
Samaje Perine,Samaje Perine,RB,RB
T.J. Logan,T.J. Logan,RB,RB
Tarik Cohen,Tarik Cohen,RB,RB
Trey Edmunds,Trey Edmunds,RB,RB
Bo Scarbrough,Bo Scarbrough,RB,RB
Boston Scott,Boston Scott,RB,RB
Buddy Howell,Buddy Howell,RB,RB
Chase Edmonds,Chase Edmonds,RB,RB
Darrel Williams,Darrel Williams,RB,RB
Derrius Guice,Derrius Guice,RB,RB
Detrez Newsome,Detrez Newsome,RB,RB
Dontrell Hilliard,Dontrell Hilliard,RB,RB
Gus Edwards,Gus Edwards,RB,RB
Ito Smith,Ito Smith,RB,RB
Jaylen Samuels,Jaylen Samuels,RB,RB
Jordan Wilkins,Jordan Wilkins,RB,RB
Josh Adams,Josh Adams,RB,RB
Justin Jackson,Justin Jackson,RB,RB
Kalen Ballage,Kalen Ballage,RB,RB
Kerryon Johnson,Kerryon Johnson,RB,RB
Mike Boone,Mike Boone,RB,RB
Nick Bawden,Nick Bawden,RB,RB
Nick Chubb,Nick Chubb,RB,RB
Nyheim Hines,Nyheim Hines,RB,RB
Phillip Lindsay,Phillip Lindsay,RB,RB
Rashaad Penny,Rashaad Penny,RB,RB
Reggie Bonnafon,Reggie Bonnafon,RB,RB
Royce Freeman,Royce Freeman,RB,RB
Ryan Nall,Ryan Nall,RB,RB
Saquon Barkley,Saquon Barkley,RB,RB
Sony Michel,Sony Michel,RB,RB
Trenton Cannon,Trenton Cannon,RB,RB
Alexander Mattison,Alexander Mattison,RB,RB
Bryce Love,Bryce Love,RB,RB
Craig Reynolds,Craig Reynolds,RB,RB
D'Ernest Johnson,D'Ernest Johnson,RB,RB
Damarea Crockett,Damarea Crockett,RB,RB
Damien Harris,Damien Harris,RB,RB
Darwin Thompson,Darwin Thompson,RB,RB
David Montgomery,David Montgomery,RB,RB
Derrick Gore,Derrick Gore,RB,RB
Devin Singletary,Devin Singletary,RB,RB
Devine Ozigbo,Devine Ozigbo,RB,RB
Dexter Williams,Dexter Williams,RB,RB
Elijah Holyfield,Elijah Holyfield,RB,RB
Jordan Scarlett,Jordan Scarlett,RB,RB
Josh Jacobs,Josh Jacobs,RB,RB
Justice Hill,Justice Hill,RB,RB
Karan Higdon,Karan Higdon,RB,RB
Mike Weber,Mike Weber,RB,RB
Miles Sanders,Miles Sanders,RB,RB
Myles Gaskin,Myles Gaskin,RB,RB
Patrick Laird,Patrick Laird,RB,RB
Qadree Ollison,Qadree Ollison,RB,RB
Rodney Anderson,Rodney Anderson,RB,RB
Ryquell Armstead,Ryquell Armstead,RB,RB
Tony Pollard,Tony Pollard,RB,RB
Travis Homer,Travis Homer,RB,RB
Trayveon Williams,Trayveon Williams,RB,RB
Ty Johnson,Ty Johnson,RB,RB
Antonio Gibson,Antonio Gibson,RB,RB
Cam Akers,Cam Akers,RB,RB
Clyde Edwards-Helaire,Clyde Edwards-Helaire,RB,RB
D'Andre Swift,D'Andre Swift,RB,RB
Darrynton Evans,Darrynton Evans,RB,RB
DeeJay Dallas,DeeJay Dallas,RB,RB
Eno Benjamin,Eno Benjamin,RB,RB
J.J. Taylor,J.J. Taylor,RB,RB
J.K. Dobbins,J.K. Dobbins,RB,RB
James Robinson,James Robinson,RB,RB
Jason Huntley,Jason Huntley,RB,RB
Jonathan Taylor,Jonathan Taylor,RB,RB
Jonathan Ward,Jonathan Ward,RB,RB
Joshua Kelley,Joshua Kelley,RB,RB
Ke'Shawn Vaughn,Ke'Shawn Vaughn,RB,RB
La'Mical Perine,La'Mical Perine,RB,RB
Raymond Calais,Raymond Calais,RB,RB
Rico Dowdle,Rico Dowdle,RB,RB
Rodney Smith,Rodney Smith,RB,RB
Salvon Ahmed,Salvon Ahmed,RB,RB
Ty'Son Williams,Ty'Son Williams,RB,RB
Xavier Jones,Xavier Jones,RB,RB
Zack Moss,Zack Moss,RB,RB
Chris Evans,Chris Evans,RB,RB
Chuba Hubbard,Chuba Hubbard,RB,RB
Dedrick Mills,Dedrick Mills,RB,RB
Elijah Mitchell,Elijah Mitchell,RB,RB
Gary Brightwell,Gary Brightwell,RB,RB
Gerrid Doaks,Gerrid Doaks,RB,RB
Jake Funk,Jake Funk,RB,RB
Jaret Patterson,Jaret Patterson,RB,RB
Javian Hawkins,Javian Hawkins,RB,RB
Javonte Williams,Javonte Williams,RB,RB
Jermar Jefferson,Jermar Jefferson,RB,RB
Kene Nwangwu,Kene Nwangwu,RB,RB
Kenneth Gainwell,Kenneth Gainwell,RB,RB
Khalil Herbert,Khalil Herbert,RB,RB
Kylin Hill,Kylin Hill,RB,RB
Mekhi Sargent,Mekhi Sargent,RB,RB
Michael Carter,Michael Carter,RB,RB
Najee Harris,Najee Harris,RB,RB
Nate McCrary,Nate McCrary,RB,RB
Rhamondre Stevenson,Rhamondre Stevenson,RB,RB
Trey Sermon,Trey Sermon,RB,RB
Abram Smith,Abram Smith,RB,RB
Breece Hall,Breece Hall,RB,RB
Dameon Pierce,Dameon Pierce,RB,RB
Hassan Haskins,Hassan Haskins,RB,RB
Isaiah Spiller,Isaiah Spiller,RB,RB
Isiah Pacheco,Isiah Pacheco,RB,RB
James Cook,James Cook,RB,RB
Jashaun Corbin,Jashaun Corbin,RB,RB
Jaylen Warren,Jaylen Warren,RB,RB
Jerome Ford,Jerome Ford,RB,RB
Jordan Mason,Jordan Mason,RB,RB
Julius Chestnut,Julius Chestnut,RB,RB
Keaontay Ingram,Keaontay Ingram,RB,RB
Kennedy Brooks,Kennedy Brooks,RB,RB
Kevin Harris,Kevin Harris,RB,RB
Kyren Williams,Kyren Williams,RB,RB
Rachaad White,Rachaad White,RB,RB
Snoop Conner,Snoop Conner,RB,RB
Trestan Ebner,Trestan Ebner,RB,RB
Ty Chandler,Ty Chandler,RB,RB
Tyler Allgeier,Tyler Allgeier,RB,RB
Tyler Badie,Tyler Badie,RB,RB
Tyler Goodson,Tyler Goodson,RB,RB
Tyrion Davis-Price,Tyrion Davis-Price,RB,RB
Zamir White,Zamir White,RB,RB
Aaron Hernandez,Aaron Hernandez,TE,TE
Adrien Robinson,Adrien Robinson,TE,TE
Andrew Quarless,Andrew Quarless,TE,TE
Anthony McCoy,Anthony McCoy,TE,TE
Bear Pascoe,Bear Pascoe,TE,TE
Brandon Pettigrew,Brandon Pettigrew,TE,TE
Chris Cooley,Chris Cooley,TE,TE
Dallas Clark,Dallas Clark,TE,TE
Daniel Fells,Daniel Fells,TE,TE
David Ausberry,David Ausberry,TE,TE
Dennis Pitta,Dennis Pitta,TE,TE
Dustin Keller,Dustin Keller,TE,TE
Fred Davis,Fred Davis,TE,TE
Garrett Graham,Garrett Graham,TE,TE
Gary Barnidge,Gary Barnidge,TE,TE
Jacob Tamme,Jacob Tamme,TE,TE
Jake Ballard,Jake Ballard,TE,TE
Jeremy Shockey,Jeremy Shockey,TE,TE
Jermichael Finley,Jermichael Finley,TE,TE
Joel Dreessen,Joel Dreessen,TE,TE
John Carlson,John Carlson,TE,TE
Jordan Cameron,Jordan Cameron,TE,TE
Kellen Davis,Kellen Davis,TE,TE
Kellen Winslow,Kellen Winslow,TE,TE
Ladarius Green,Ladarius Green,TE,TE
Owen Daniels,Owen Daniels,TE,TE
Rob Housler,Rob Housler,TE,TE
Scott Chandler,Scott Chandler,TE,TE
Todd Heap,Todd Heap,TE,TE
Tony Gonzalez,Tony Gonzalez,TE,TE
Tony Moeaki,Tony Moeaki,TE,TE
Visanthe Shiancoe,Visanthe Shiancoe,TE,TE
Zach Miller,Zach Miller,TE,TE
Zach Sudfeld,Zach Sudfeld,TE,TE
Antonio Gates,Antonio Gates,TE,TE
Jason Witten,Jason Witten,TE,TE
Benjamin Watson,Benjamin Watson,TE,TE
Heath Miller,Heath Miller,TE,TE
Anthony Fasano,Anthony Fasano,TE,TE
Delanie Walker,Delanie Walker,TE,TE
Marcedes Lewis,Marcedes Lewis,TE,TE
Vernon Davis,Vernon Davis,TE,TE
Brent Celek,Brent Celek,TE,TE
Greg Olsen,Greg Olsen,TE,TE
Martellus Bennett,Martellus Bennett,TE,TE
Brandon Myers,Brandon Myers,TE,TE
Jared Cook,Jared Cook,TE,TE
John Phillips,John Phillips,TE,TE
Clay Harbor,Clay Harbor,TE,TE
Ed Dickson,Ed Dickson,TE,TE
Jeff Cumberland,Jeff Cumberland,TE,TE
Jermaine Gresham,Jermaine Gresham,TE,TE
Jim Dray,Jim Dray,TE,TE
Jimmy Graham,Jimmy Graham,TE,TE
Logan Paulsen,Logan Paulsen,TE,TE
Rob Gronkowski,Rob Gronkowski,TE,TE
Tim Tebow,Tim Tebow,TE,TE
Charles Clay,Charles Clay,TE,TE
Julius Thomas,Julius Thomas,TE,TE
Kyle Rudolph,Kyle Rudolph,TE,TE
Lance Kendricks,Lance Kendricks,TE,TE
Lee Smith,Lee Smith,TE,TE
Luke Stocker,Luke Stocker,TE,TE
Niles Paul,Niles Paul,TE,TE
Virgil Green,Virgil Green,TE,TE
Brandon Bostick,Brandon Bostick,TE,TE
Coby Fleener,Coby Fleener,TE,TE
Cooper Helfet,Cooper Helfet,TE,TE
Derek Carrier,Derek Carrier,TE,TE
Dwayne Allen,Dwayne Allen,TE,TE
Garrett Celek,Garrett Celek,TE,TE
Larry Donnell,Larry Donnell,TE,TE
Rhett Ellison,Rhett Ellison,TE,TE
Darren Fells,Darren Fells,TE,TE
Demetrius Harris,Demetrius Harris,TE,TE
Dion Sims,Dion Sims,TE,TE
Gavin Escobar,Gavin Escobar,TE,TE
Jack Doyle,Jack Doyle,TE,TE
Jordan Reed,Jordan Reed,TE,TE
Joseph Fauria,Joseph Fauria,TE,TE
Josh Hill,Josh Hill,TE,TE
Levine Toilolo,Levine Toilolo,TE,TE
Luke Willson,Luke Willson,TE,TE
Mychal Rivera,Mychal Rivera,TE,TE
Ryan Griffin,Ryan Griffin,TE,TE
Travis Kelce,Travis Kelce,TE,TE
Tyler Eifert,Tyler Eifert,TE,TE
Vance McDonald,Vance McDonald,TE,TE
Zach Ertz,Zach Ertz,TE,TE
Austin Seferian-Jenkins,Austin Seferian-Jenkins,TE,TE
C.J. Fiedorowicz,C.J. Fiedorowicz,TE,TE
Cameron Brate,Cameron Brate,TE,TE
Crockett Gillmore,Crockett Gillmore,TE,TE
Eric Ebron,Eric Ebron,TE,TE
Erik Swoope,Erik Swoope,TE,TE
Jace Amaro,Jace Amaro,TE,TE
Logan Thomas,Logan Thomas,TE,TE
Richard Rodgers,Richard Rodgers,TE,TE
Scott Simonson,Scott Simonson,TE,TE
Trey Burton,Trey Burton,TE,TE
Troy Niklas,Troy Niklas,TE,TE
Xavier Grimble,Xavier Grimble,TE,TE
A.J. Derby,A.J. Derby,TE,TE
Ben Koyack,Ben Koyack,TE,TE
Blake Bell,Blake Bell,TE,TE
C.J. Uzomah,C.J. Uzomah,TE,TE
Chris Manhertz,Chris Manhertz,TE,TE
Clive Walford,Clive Walford,TE,TE
Daniel Brown,Daniel Brown,TE,TE
Darren Waller,Darren Waller,TE,TE
Eric Tomlinson,Eric Tomlinson,TE,TE
Geoff Swaim,Geoff Swaim,TE,TE
James O'Shaughnessy,James O'Shaughnessy,TE,TE
Jeff Heuerman,Jeff Heuerman,TE,TE
Jesse James,Jesse James,TE,TE
Matt LaCosse,Matt LaCosse,TE,TE
Maxx Williams,Maxx Williams,TE,TE
MyCole Pruitt,MyCole Pruitt,TE,TE
Nick Boyle,Nick Boyle,TE,TE
Nick O'Leary,Nick O'Leary,TE,TE
Tyler Kroft,Tyler Kroft,TE,TE
Will Tye,Will Tye,TE,TE
Austin Hooper,Austin Hooper,TE,TE
Ben Braunecker,Ben Braunecker,TE,TE
Garrett Griffin,Garrett Griffin,TE,TE
Hunter Henry,Hunter Henry,TE,TE
J.P. Holtz,J.P. Holtz,TE,TE
Joshua Perkins,Joshua Perkins,TE,TE
Nick Vannett,Nick Vannett,TE,TE
Rico Gathers,Rico Gathers,TE,TE
Seth DeValve,Seth DeValve,TE,TE
Stephen Anderson,Stephen Anderson,TE,TE
Temarrick Hemingway,Temarrick Hemingway,TE,TE
Tyler Higbee,Tyler Higbee,TE,TE
Adam Shaheen,Adam Shaheen,TE,TE
Anthony Firkser,Anthony Firkser,TE,TE
Antony Auclair,Antony Auclair,TE,TE
Blake Jarwin,Blake Jarwin,TE,TE
Cethan Carter,Cethan Carter,TE,TE
Colin Thompson,Colin Thompson,TE,TE
Dan Arnold,Dan Arnold,TE,TE
Darrell Daniels,Darrell Daniels,TE,TE
David Njoku,David Njoku,TE,TE
Eric Saubert,Eric Saubert,TE,TE
Evan Engram,Evan Engram,TE,TE
George Kittle,George Kittle,TE,TE
Gerald Everett,Gerald Everett,TE,TE
Jacob Hollister,Jacob Hollister,TE,TE
Jake Butt,Jake Butt,TE,TE
Jason Croom,Jason Croom,TE,TE
Jeremy Sprinkle,Jeremy Sprinkle,TE,TE
Johnny Mundt,Johnny Mundt,TE,TE
Jonnu Smith,Jonnu Smith,TE,TE
Jordan Leggett,Jordan Leggett,TE,TE
Mason Schreck,Mason Schreck,TE,TE
Mo Alie-Cox,Mo Alie-Cox,TE,TE
O.J. Howard,O.J. Howard,TE,TE
Pharaoh Brown,Pharaoh Brown,TE,TE
Ricky Seals-Jones,Ricky Seals-Jones,TE,TE
Robert Tonyan,Robert Tonyan,TE,TE
Sean Culkin,Sean Culkin,TE,TE
Dallas Goedert,Dallas Goedert,TE,TE
Dalton Schultz,Dalton Schultz,TE,TE
Deon Yelder,Deon Yelder,TE,TE
Durham Smythe,Durham Smythe,TE,TE
Hayden Hurst,Hayden Hurst,TE,TE
Ian Thomas,Ian Thomas,TE,TE
Jaeden Graham,Jaeden Graham,TE,TE
Jordan Akins,Jordan Akins,TE,TE
Jordan Thomas,Jordan Thomas,TE,TE
Mark Andrews,Mark Andrews,TE,TE
Mike Gesicki,Mike Gesicki,TE,TE
Nick Keizer,Nick Keizer,TE,TE
Ross Dwelley,Ross Dwelley,TE,TE
Ryan Izzo,Ryan Izzo,TE,TE
Troy Fumagalli,Troy Fumagalli,TE,TE
Tyler Conklin,Tyler Conklin,TE,TE
Will Dissly,Will Dissly,TE,TE
Brandon Dillon,Brandon Dillon,TE,TE
C.J. Conrad,C.J. Conrad,TE,TE
Dawson Knox,Dawson Knox,TE,TE
Drew Sample,Drew Sample,TE,TE
Foster Moreau,Foster Moreau,TE,TE
Isaac Nauta,Isaac Nauta,TE,TE
Jace Sternberger,Jace Sternberger,TE,TE
Jesper Horsted,Jesper Horsted,TE,TE
Josh Oliver,Josh Oliver,TE,TE
Kaden Smith,Kaden Smith,TE,TE
Kahale Warring,Kahale Warring,TE,TE
Kendall Blanton,Kendall Blanton,TE,TE
Noah Fant,Noah Fant,TE,TE
T.J. Hockenson,T.J. Hockenson,TE,TE
Tommy Sweeney,Tommy Sweeney,TE,TE
Trevon Wesco,Trevon Wesco,TE,TE
Zach Gentry,Zach Gentry,TE,TE
Adam Trautman,Adam Trautman,TE,TE
Albert Okwuegbunam,Albert Okwuegbunam,TE,TE
Brycen Hopkins,Brycen Hopkins,TE,TE
Charlie Taumoepeau,Charlie Taumoepeau,TE,TE
Charlie Woerner,Charlie Woerner,TE,TE
Colby Parkinson,Colby Parkinson,TE,TE
Cole Kmet,Cole Kmet,TE,TE
Dalton Keene,Dalton Keene,TE,TE
Devin Asiasi,Devin Asiasi,TE,TE
Dominique Dafney,Dominique Dafney,TE,TE
Farrod Green,Farrod Green,TE,TE
Harrison Bryant,Harrison Bryant,TE,TE
Hunter Bryant,Hunter Bryant,TE,TE
Jared Pinkney,Jared Pinkney,TE,TE
Josiah Deguara,Josiah Deguara,TE,TE
Juwan Johnson,Juwan Johnson,TE,TE
Mitchell Wilcox,Mitchell Wilcox,TE,TE
Nick Bowers,Nick Bowers,TE,TE
Sean McKeon,Sean McKeon,TE,TE
Thaddeus Moss,Thaddeus Moss,TE,TE
Tyler Davis,Tyler Davis,TE,TE
Brevin Jordan,Brevin Jordan,TE,TE
Brock Wright,Brock Wright,TE,TE
Hunter Long,Hunter Long,TE,TE
Jack Stoll,Jack Stoll,TE,TE
Jacob Harris,Jacob Harris,TE,TE
John Bates,John Bates,TE,TE
Kenny Yeboah,Kenny Yeboah,TE,TE
Kyle Pitts,Kyle Pitts,TE,TE
Kylen Granson,Kylen Granson,TE,TE
Luke Farrell,Luke Farrell,TE,TE
Noah Gray,Noah Gray,TE,TE
Pat Freiermuth,Pat Freiermuth,TE,TE
Sammis Reyes,Sammis Reyes,TE,TE
Tommy Tremble,Tommy Tremble,TE,TE
Tre' McKitty,Tre' McKitty,TE,TE
Cade Otton,Cade Otton,TE,TE
Charlie Kolar,Charlie Kolar,TE,TE
Chigoziem Okonkwo,Chigoziem Okonkwo,TE,TE
Cole Turner,Cole Turner,TE,TE
Daniel Bellinger,Daniel Bellinger,TE,TE
Greg Dulcich,Greg Dulcich,TE,TE
Isaiah Likely,Isaiah Likely,TE,TE
Jake Ferguson,Jake Ferguson,TE,TE
Jalen Wydermyer,Jalen Wydermyer,TE,TE
Jelani Woods,Jelani Woods,TE,TE
Jeremy Ruckert,Jeremy Ruckert,TE,TE
Trey McBride,Trey McBride,TE,TE
A.J. Jenkins,A.J. Jenkins,WR,WR
Ace Sanders,Ace Sanders,WR,WR
Andre Caldwell,Andre Caldwell,WR,WR
Andre Johnson,Andre Johnson,WR,WR
Anthony Armstrong,Anthony Armstrong,WR,WR
Anthony Miller,Anthony Miller,WR,WR
Antonio Brown,Antonio Brown,WR,WR
Armon Binns,Armon Binns,WR,WR
Austin Collie,Austin Collie,WR,WR
Austin Pettis,Austin Pettis,WR,WR
Ben Obomanu,Ben Obomanu,WR,WR
Bernard Berrian,Bernard Berrian,WR,WR
Brandon Gibson,Brandon Gibson,WR,WR
Brandon Lloyd,Brandon Lloyd,WR,WR
Brandon Stokley,Brandon Stokley,WR,WR
Braylon Edwards,Braylon Edwards,WR,WR
Brian Hartline,Brian Hartline,WR,WR
Brian Robiskie,Brian Robiskie,WR,WR
Cecil Shorts,Cecil Shorts,WR,WR
Chad Johnson,Chad Johnson,WR,WR
Charles Johnson,Charles Johnson,WR,WR
Chris Givens,Chris Givens,WR,WR
Chris Owusu,Chris Owusu,WR,WR
Corey Brown,Corey Brown,WR,WR
Da'Rick Rogers,Da'Rick Rogers,WR,WR
Danario Alexander,Danario Alexander,WR,WR
David Gettis,David Gettis,WR,WR
David Nelson,David Nelson,WR,WR
Davone Bess,Davone Bess,WR,WR
Deion Branch,Deion Branch,WR,WR
Derrick Mason,Derrick Mason,WR,WR
Devery Henderson,Devery Henderson,WR,WR
Devin Hester,Devin Hester,WR,WR
Donald Driver,Donald Driver,WR,WR
Donald Jones,Donald Jones,WR,WR
Donnie Avery,Donnie Avery,WR,WR
Dwayne Bowe,Dwayne Bowe,WR,WR
Earl Bennett,Earl Bennett,WR,WR
Eddie Royal,Eddie Royal,WR,WR
Greg Jennings,Greg Jennings,WR,WR
Hakeem Nicks,Hakeem Nicks,WR,WR
Hines Ward,Hines Ward,WR,WR
Jabar Gaffney,Jabar Gaffney,WR,WR
Jacoby Ford,Jacoby Ford,WR,WR
James Jones,James Jones,WR,WR
Jarrett Boykin,Jarrett Boykin,WR,WR
Jason Avant,Jason Avant,WR,WR
Jason Hill,Jason Hill,WR,WR
Jerome Simpson,Jerome Simpson,WR,WR
Jerrel Jernigan,Jerrel Jernigan,WR,WR
Jerricho Cotchery,Jerricho Cotchery,WR,WR
Johnny Knox,Johnny Knox,WR,WR
Jon Baldwin,Jon Baldwin,WR,WR
Jordan Shipley,Jordan Shipley,WR,WR
Josh Morgan,Josh Morgan,WR,WR
Junior Hemingway,Junior Hemingway,WR,WR
Justin Blackmon,Justin Blackmon,WR,WR
Justin Brown,Justin Brown,WR,WR
Kevin Ogletree,Kevin Ogletree,WR,WR
Kevin Walter,Kevin Walter,WR,WR
Lance Moore,Lance Moore,WR,WR
Laurent Robinson,Laurent Robinson,WR,WR
LaVon Brazill,LaVon Brazill,WR,WR
Lee Evans,Lee Evans,WR,WR
Leonard Hankerson,Leonard Hankerson,WR,WR
Lestar Jean,Lestar Jean,WR,WR
Malcom Floyd,Malcom Floyd,WR,WR
Mario Manningham,Mario Manningham,WR,WR
Marlon Moore,Marlon Moore,WR,WR
Marques Colston,Marques Colston,WR,WR
Michael Jenkins,Michael Jenkins,WR,WR
Mike Brown,Mike Brown,WR,WR
Mike Davis,Mike Davis,WR,WR
Mike Sims-Walker,Mike Sims-Walker,WR,WR
Mike Thomas,Mike Thomas,WR,WR
Mike Williams,Mike Williams,WR,WR
Mohamed Massaquoi,Mohamed Massaquoi,WR,WR
Nate Burleson,Nate Burleson,WR,WR
Nate Washington,Nate Washington,WR,WR
Nick Toon,Nick Toon,WR,WR
Percy Harvin,Percy Harvin,WR,WR
Plaxico Burress,Plaxico Burress,WR,WR
Quinton Patton,Quinton Patton,WR,WR
Randy Moss,Randy Moss,WR,WR
Reggie Wayne,Reggie Wayne,WR,WR
Ricardo Lockette,Ricardo Lockette,WR,WR
Robert Meachem,Robert Meachem,WR,WR
Roddy White,Roddy White,WR,WR
Roy Williams,Roy Williams,WR,WR
Ryan Broyles,Ryan Broyles,WR,WR
Santana Moss,Santana Moss,WR,WR
Santonio Holmes,Santonio Holmes,WR,WR
Seyi Ajirotutu,Seyi Ajirotutu,WR,WR
Sidney Rice,Sidney Rice,WR,WR
Stedman Bailey,Stedman Bailey,WR,WR
Stephen Hill,Stephen Hill,WR,WR
Steve Breaston,Steve Breaston,WR,WR
Steve Johnson,Steve Johnson,WR,WR
Steve Smith,Steve Smith,WR,WR
Terrell Owens,Terrell Owens,WR,WR
Titus Young,Titus Young,WR,WR
Vincent Brown,Vincent Brown,WR,WR
Vincent Jackson,Vincent Jackson,WR,WR
Wes Welker,Wes Welker,WR,WR
Anquan Boldin,Anquan Boldin,WR,WR
Larry Fitzgerald,Larry Fitzgerald,WR,WR
Brandon Marshall,Brandon Marshall,WR,WR
Miles Austin,Miles Austin,WR,WR
Calvin Johnson,Calvin Johnson,WR,WR
Jacoby Jones,Jacoby Jones,WR,WR
Danny Amendola,Danny Amendola,WR,WR
DeSean Jackson,DeSean Jackson,WR,WR
Harry Douglas,Harry Douglas,WR,WR
Jordy Nelson,Jordy Nelson,WR,WR
Pierre Garcon,Pierre Garcon,WR,WR
Brandon Tate,Brandon Tate,WR,WR
Darrius Heyward-Bey,Darrius Heyward-Bey,WR,WR
Jeremy Maclin,Jeremy Maclin,WR,WR
Jordan Norwood,Jordan Norwood,WR,WR
Julian Edelman,Julian Edelman,WR,WR
Kenny Britt,Kenny Britt,WR,WR
Louis Murphy,Louis Murphy,WR,WR
Michael Crabtree,Michael Crabtree,WR,WR
Mike Wallace,Mike Wallace,WR,WR
Andre Roberts,Andre Roberts,WR,WR
Arrelious Benn,Arrelious Benn,WR,WR
Brandon LaFell,Brandon LaFell,WR,WR
Demaryius Thomas,Demaryius Thomas,WR,WR
Dez Bryant,Dez Bryant,WR,WR
Emmanuel Sanders,Emmanuel Sanders,WR,WR
Eric Decker,Eric Decker,WR,WR
Golden Tate,Golden Tate,WR,WR
Preston Parker,Preston Parker,WR,WR
Riley Cooper,Riley Cooper,WR,WR
Victor Cruz,Victor Cruz,WR,WR
A.J. Green,A.J. Green,WR,WR
Aldrick Robinson,Aldrick Robinson,WR,WR
Andre Holmes,Andre Holmes,WR,WR
Andrew Hawkins,Andrew Hawkins,WR,WR
Chris Hogan,Chris Hogan,WR,WR
Chris Matthews,Chris Matthews,WR,WR
Denarius Moore,Denarius Moore,WR,WR
Dontrelle Inman,Dontrelle Inman,WR,WR
Doug Baldwin,Doug Baldwin,WR,WR
Dwayne Harris,Dwayne Harris,WR,WR
Greg Little,Greg Little,WR,WR
Jeremy Kerley,Jeremy Kerley,WR,WR
Julio Jones,Julio Jones,WR,WR
Kamar Aiken,Kamar Aiken,WR,WR
Randall Cobb,Randall Cobb,WR,WR
Torrey Smith,Torrey Smith,WR,WR
Alshon Jeffery,Alshon Jeffery,WR,WR
Brian Quick,Brian Quick,WR,WR
Cole Beasley,Cole Beasley,WR,WR
Deonte Thompson,Deonte Thompson,WR,WR
DeVier Posey,DeVier Posey,WR,WR
Jarius Wright,Jarius Wright,WR,WR
Jermaine Kearse,Jermaine Kearse,WR,WR
Josh Bellamy,Josh Bellamy,WR,WR
Josh Gordon,Josh Gordon,WR,WR
Kendall Wright,Kendall Wright,WR,WR
Keshawn Martin,Keshawn Martin,WR,WR
Michael Floyd,Michael Floyd,WR,WR
Rishard Matthews,Rishard Matthews,WR,WR
Rod Streater,Rod Streater,WR,WR
Rueben Randle,Rueben Randle,WR,WR
T.Y. Hilton,T.Y. Hilton,WR,WR
Travis Benjamin,Travis Benjamin,WR,WR
Trevor Graham,Trevor Graham,WR,WR
Aaron Dobson,Aaron Dobson,WR,WR
Adam Thielen,Adam Thielen,WR,WR
Brice Butler,Brice Butler,WR,WR
DeAndre Hopkins,DeAndre Hopkins,WR,WR
Jaron Brown,Jaron Brown,WR,WR
Josh Boyce,Josh Boyce,WR,WR
Justin Hunter,Justin Hunter,WR,WR
Keenan Allen,Keenan Allen,WR,WR
Kenbrell Thompkins,Kenbrell Thompkins,WR,WR
Kenny Stills,Kenny Stills,WR,WR
Markus Wheaton,Markus Wheaton,WR,WR
Marlon Brown,Marlon Brown,WR,WR
Marquess Wilson,Marquess Wilson,WR,WR
Marquise Goodwin,Marquise Goodwin,WR,WR
Robert Woods,Robert Woods,WR,WR
Russell Shepard,Russell Shepard,WR,WR
Tavon Austin,Tavon Austin,WR,WR
Terrance Williams,Terrance Williams,WR,WR
Albert Wilson,Albert Wilson,WR,WR
Allen Hurns,Allen Hurns,WR,WR
Brandin Cooks,Brandin Cooks,WR,WR
Brandon Coleman,Brandon Coleman,WR,WR
Bruce Ellington,Bruce Ellington,WR,WR
Cody Latimer,Cody Latimer,WR,WR
Davante Adams,Davante Adams,WR,WR
De'Anthony Thomas,De'Anthony Thomas,WR,WR
Diontae Spencer,Diontae Spencer,WR,WR
Donte Moncrief,Donte Moncrief,WR,WR
Jared Abbrederis,Jared Abbrederis,WR,WR
Jarvis Landry,Jarvis Landry,WR,WR
Jeff Janis,Jeff Janis,WR,WR
John Brown,John Brown,WR,WR
Jordan Matthews,Jordan Matthews,WR,WR
Josh Huff,Josh Huff,WR,WR
Kelvin Benjamin,Kelvin Benjamin,WR,WR
Marqise Lee,Marqise Lee,WR,WR
Martavis Bryant,Martavis Bryant,WR,WR
Michael Campanaro,Michael Campanaro,WR,WR
Mike Evans,Mike Evans,WR,WR
Quincy Enunwa,Quincy Enunwa,WR,WR
Ryan Grant,Ryan Grant,WR,WR
Sammy Watkins,Sammy Watkins,WR,WR
Seth Roberts,Seth Roberts,WR,WR
Taylor Gabriel,Taylor Gabriel,WR,WR
Adam Humphries,Adam Humphries,WR,WR
Amari Cooper,Amari Cooper,WR,WR
Breshad Perriman,Breshad Perriman,WR,WR
Cameron Meredith,Cameron Meredith,WR,WR
Chris Conley,Chris Conley,WR,WR
Damiere Byrd,Damiere Byrd,WR,WR
Darius Jennings,Darius Jennings,WR,WR
DeAndre Carter,DeAndre Carter,WR,WR
DeAndre Smelter,DeAndre Smelter,WR,WR
DeVante Parker,DeVante Parker,WR,WR
Devin Smith,Devin Smith,WR,WR
Dorial Green-Beckham,Dorial Green-Beckham,WR,WR
Eli Rogers,Eli Rogers,WR,WR
Geremy Davis,Geremy Davis,WR,WR
J.J. Nelson,J.J. Nelson,WR,WR
Jaelen Strong,Jaelen Strong,WR,WR
Jake Kumerow,Jake Kumerow,WR,WR
Jamison Crowder,Jamison Crowder,WR,WR
Jordan Taylor,Jordan Taylor,WR,WR
Justin Hardy,Justin Hardy,WR,WR
Kevin White,Kevin White,WR,WR
Nelson Agholor,Nelson Agholor,WR,WR
Rashad Greene,Rashad Greene,WR,WR
Sammie Coates,Sammie Coates,WR,WR
Stefon Diggs,Stefon Diggs,WR,WR
Tyler Lockett,Tyler Lockett,WR,WR
Tyrell Williams,Tyrell Williams,WR,WR
Alex Erickson,Alex Erickson,WR,WR
Braxton Miller,Braxton Miller,WR,WR
Charone Peake,Charone Peake,WR,WR
Chester Rogers,Chester Rogers,WR,WR
Chris Moore,Chris Moore,WR,WR
Cody Core,Cody Core,WR,WR
Corey Coleman,Corey Coleman,WR,WR
Demarcus Robinson,Demarcus Robinson,WR,WR
Geronimo Allison,Geronimo Allison,WR,WR
Jalin Marshall,Jalin Marshall,WR,WR
Josh Doctson,Josh Doctson,WR,WR
Kalif Raymond,Kalif Raymond,WR,WR
Laquon Treadwell,Laquon Treadwell,WR,WR
Leonte Carroo,Leonte Carroo,WR,WR
Malcolm Mitchell,Malcolm Mitchell,WR,WR
Marcus Johnson,Marcus Johnson,WR,WR
Marvin Hall,Marvin Hall,WR,WR
Maurice Harris,Maurice Harris,WR,WR
Michael Thomas,Michael Thomas,WR,WR
Pharoh Cooper,Pharoh Cooper,WR,WR
Rashard Higgins,Rashard Higgins,WR,WR
Ricardo Louis,Ricardo Louis,WR,WR
Roger Lewis,Roger Lewis,WR,WR
Sterling Shepard,Sterling Shepard,WR,WR
Tajae Sharpe,Tajae Sharpe,WR,WR
Tyler Boyd,Tyler Boyd,WR,WR
Tyreek Hill,Tyreek Hill,WR,WR
Wendall Williams,Wendall Williams,WR,WR
Amara Darboh,Amara Darboh,WR,WR
Andre Patton,Andre Patton,WR,WR
ArDarius Stewart,ArDarius Stewart,WR,WR
Artavis Scott,Artavis Scott,WR,WR
Austin Carr,Austin Carr,WR,WR
Bobo Wilson,Bobo Wilson,WR,WR
Carlos Henderson,Carlos Henderson,WR,WR
Chad Williams,Chad Williams,WR,WR
Chris Godwin,Chris Godwin,WR,WR
Cooper Kupp,Cooper Kupp,WR,WR
Corey Davis,Corey Davis,WR,WR
Curtis Samuel,Curtis Samuel,WR,WR
David Moore,David Moore,WR,WR
Dede Westbrook,Dede Westbrook,WR,WR
Greg Ward,Greg Ward,WR,WR
Isaiah Ford,Isaiah Ford,WR,WR
Isaiah McKenzie,Isaiah McKenzie,WR,WR
Jamal Agnew,Jamal Agnew,WR,WR
John Ross,John Ross,WR,WR
Josh Malone,Josh Malone,WR,WR
Josh Reynolds,Josh Reynolds,WR,WR
JuJu Smith-Schuster,JuJu Smith-Schuster,WR,WR
Kendrick Bourne,Kendrick Bourne,WR,WR
Kenny Golladay,Kenny Golladay,WR,WR
Keon Hatcher,Keon Hatcher,WR,WR
Mack Hollins,Mack Hollins,WR,WR
Marcus Kemp,Marcus Kemp,WR,WR
Noah Brown,Noah Brown,WR,WR
Rodney Adams,Rodney Adams,WR,WR
Ryan Switzer,Ryan Switzer,WR,WR
Taywan Taylor,Taywan Taylor,WR,WR
Tim Patrick,Tim Patrick,WR,WR
Trent Taylor,Trent Taylor,WR,WR
Zach Pascal,Zach Pascal,WR,WR
Zay Jones,Zay Jones,WR,WR
Allen Lazard,Allen Lazard,WR,WR
Antonio Callaway,Antonio Callaway,WR,WR
Auden Tate,Auden Tate,WR,WR
Brandon Powell,Brandon Powell,WR,WR
Brandon Zylstra,Brandon Zylstra,WR,WR
Braxton Berrios,Braxton Berrios,WR,WR
Byron Pringle,Byron Pringle,WR,WR
Calvin Ridley,Calvin Ridley,WR,WR
Cam Sims,Cam Sims,WR,WR
Cameron Batson,Cameron Batson,WR,WR
Chad Beebe,Chad Beebe,WR,WR
Christian Blake,Christian Blake,WR,WR
Christian Kirk,Christian Kirk,WR,WR
Courtland Sutton,Courtland Sutton,WR,WR
DaeSean Hamilton,DaeSean Hamilton,WR,WR
Damion Ratley,Damion Ratley,WR,WR
Dante Pettis,Dante Pettis,WR,WR
Daurice Fountain,Daurice Fountain,WR,WR
Deon Cain,Deon Cain,WR,WR
Deontay Burnett,Deontay Burnett,WR,WR
Derrick Willies,Derrick Willies,WR,WR
Equanimeous St. Brown,Equanimeous St. Brown,WR,WR
J'Mon Moore,J'Mon Moore,WR,WR
Jaleel Scott,Jaleel Scott,WR,WR
James Washington,James Washington,WR,WR
Javon Wims,Javon Wims,WR,WR
Justin Watson,Justin Watson,WR,WR
Keith Kirkwood,Keith Kirkwood,WR,WR
Keke Coutee,Keke Coutee,WR,WR
KhaDarel Hodge,KhaDarel Hodge,WR,WR
Malik Turner,Malik Turner,WR,WR
Marcell Ateman,Marcell Ateman,WR,WR
Marquez Valdes-Scantling,Marquez Valdes-Scantling,WR,WR
Michael Gallup,Michael Gallup,WR,WR
Ray-Ray McCloud,Ray-Ray McCloud,WR,WR
Robert Foster,Robert Foster,WR,WR
Russell Gage,Russell Gage,WR,WR
Tre'Quan Smith,Tre'Quan Smith,WR,WR
Trent Sherfield,Trent Sherfield,WR,WR
Trey Quinn,Trey Quinn,WR,WR
Vyncint Smith,Vyncint Smith,WR,WR
A.J. Brown,A.J. Brown,WR,WR
Andy Isabella,Andy Isabella,WR,WR
Antoine Wesley,Antoine Wesley,WR,WR
Ashton Dulin,Ashton Dulin,WR,WR
D.J. Montgomery,D.J. Montgomery,WR,WR
Damion Willis,Damion Willis,WR,WR
Darius Slayton,Darius Slayton,WR,WR
Deebo Samuel,Deebo Samuel,WR,WR
Deonte Harty,Deonte Harty,WR,WR
Diontae Johnson,Diontae Johnson,WR,WR
DK Metcalf,DK Metcalf,WR,WR
Emanuel Hall,Emanuel Hall,WR,WR
Emmanuel Butler,Emmanuel Butler,WR,WR
Greg Dortch,Greg Dortch,WR,WR
Gunner Olszewski,Gunner Olszewski,WR,WR
Hunter Renfrow,Hunter Renfrow,WR,WR
Jakobi Meyers,Jakobi Meyers,WR,WR
Jalen Guyton,Jalen Guyton,WR,WR
Jalen Hurd,Jalen Hurd,WR,WR
Jeff Smith,Jeff Smith,WR,WR
John Ursua,John Ursua,WR,WR
Juwann Winfree,Juwann Winfree,WR,WR
KeeSean Johnson,KeeSean Johnson,WR,WR
Kelvin Harmon,Kelvin Harmon,WR,WR
Lil'Jordan Humphrey,Lil'Jordan Humphrey,WR,WR
Malik Taylor,Malik Taylor,WR,WR
Marcus Green,Marcus Green,WR,WR
Marquise Brown,Marquise Brown,WR,WR
Mecole Hardman,Mecole Hardman,WR,WR
Miles Boykin,Miles Boykin,WR,WR
N'Keal Harry,N'Keal Harry,WR,WR
Nsimba Webster,Nsimba Webster,WR,WR
Olamide Zaccheaus,Olamide Zaccheaus,WR,WR
Parris Campbell,Parris Campbell,WR,WR
Penny Hart,Penny Hart,WR,WR
Preston Williams,Preston Williams,WR,WR
Riley Ridley,Riley Ridley,WR,WR
Terry McLaurin,Terry McLaurin,WR,WR
Tom Kennedy,Tom Kennedy,WR,WR
Travis Fulgham,Travis Fulgham,WR,WR
Trinity Benson,Trinity Benson,WR,WR
Tyron Johnson,Tyron Johnson,WR,WR
Antonio Gandy-Golden,Antonio Gandy-Golden,WR,WR
Brandon Aiyuk,Brandon Aiyuk,WR,WR
Bryan Edwards,Bryan Edwards,WR,WR
CeeDee Lamb,CeeDee Lamb,WR,WR
Chase Claypool,Chase Claypool,WR,WR
Collin Johnson,Collin Johnson,WR,WR
Dan Chisena,Dan Chisena,WR,WR
Darnell Mooney,Darnell Mooney,WR,WR
Denzel Mims,Denzel Mims,WR,WR
Devin Duvernay,Devin Duvernay,WR,WR
Dezmon Patmon,Dezmon Patmon,WR,WR
Donovan Peoples-Jones,Donovan Peoples-Jones,WR,WR
Freddie Swain,Freddie Swain,WR,WR
Isaiah Coulter,Isaiah Coulter,WR,WR
Jalen Reagor,Jalen Reagor,WR,WR
Jauan Jennings,Jauan Jennings,WR,WR
Jerry Jeudy,Jerry Jeudy,WR,WR
Joe Reed,Joe Reed,WR,WR
John Hightower,John Hightower,WR,WR
Justin Jefferson,Justin Jefferson,WR,WR
K.J. Osborn,K.J. Osborn,WR,WR
Kendall Hinton,Kendall Hinton,WR,WR
Kirk Merritt,Kirk Merritt,WR,WR
Kristian Wilkerson,Kristian Wilkerson,WR,WR
Marquez Callaway,Marquez Callaway,WR,WR
Matt Cole,Matt Cole,WR,WR
Nick Westbrook-Ikhine,Nick Westbrook-Ikhine,WR,WR
Quez Watkins,Quez Watkins,WR,WR
Quintez Cephus,Quintez Cephus,WR,WR
Stephen Guidry,Stephen Guidry,WR,WR
Tee Higgins,Tee Higgins,WR,WR
Trishton Jackson,Trishton Jackson,WR,WR
Tyler Johnson,Tyler Johnson,WR,WR
Van Jefferson,Van Jefferson,WR,WR
Amari Rodgers,Amari Rodgers,WR,WR
Amon-Ra St. Brown,Amon-Ra St. Brown,WR,WR
Anthony Schwartz,Anthony Schwartz,WR,WR
Ben Skowronek,Ben Skowronek,WR,WR
Cade Johnson,Cade Johnson,WR,WR
Cornell Powell,Cornell Powell,WR,WR
Dax Milne,Dax Milne,WR,WR
Dazz Newsome,Dazz Newsome,WR,WR
DeVonta Smith,DeVonta Smith,WR,WR
Dez Fitzpatrick,Dez Fitzpatrick,WR,WR
Dyami Brown,Dyami Brown,WR,WR
Elijah Moore,Elijah Moore,WR,WR
Frank Darby,Frank Darby,WR,WR
Ihmir Smith-Marsette,Ihmir Smith-Marsette,WR,WR
Ja'Marr Chase,Ja'Marr Chase,WR,WR
Jaelon Darden,Jaelon Darden,WR,WR
Jaylen Waddle,Jaylen Waddle,WR,WR
Kadarius Toney,Kadarius Toney,WR,WR
Marquez Stevenson,Marquez Stevenson,WR,WR
Mike Strachan,Mike Strachan,WR,WR
Nico Collins,Nico Collins,WR,WR
Racey McMath,Racey McMath,WR,WR
Rashod Bateman,Rashod Bateman,WR,WR
Rondale Moore,Rondale Moore,WR,WR
Sage Surratt,Sage Surratt,WR,WR
Seth Williams,Seth Williams,WR,WR
Shi Smith,Shi Smith,WR,WR
Simi Fehoko,Simi Fehoko,WR,WR
T.J. Vasher,T.J. Vasher,WR,WR
Tutu Atwell,Tutu Atwell,WR,WR
Tylan Wallace,Tylan Wallace,WR,WR
Alec Pierce,Alec Pierce,WR,WR
Bo Melton,Bo Melton,WR,WR
Chris Olave,Chris Olave,WR,WR
Christian Watson,Christian Watson,WR,WR
Danny Gray,Danny Gray,WR,WR
David Bell,David Bell,WR,WR
Dennis Houston,Dennis Houston,WR,WR
Drake London,Drake London,WR,WR
Erik Ezukanma,Erik Ezukanma,WR,WR
Garrett Wilson,Garrett Wilson,WR,WR
George Pickens,George Pickens,WR,WR
Jahan Dotson,Jahan Dotson,WR,WR
Jalen Tolbert,Jalen Tolbert,WR,WR
Jameson Williams,Jameson Williams,WR,WR
Justyn Ross,Justyn Ross,WR,WR
Khalil Shakir,Khalil Shakir,WR,WR
Kyle Philips,Kyle Philips,WR,WR
Montrell Washington,Montrell Washington,WR,WR
Romeo Doubs,Romeo Doubs,WR,WR
Skyy Moore,Skyy Moore,WR,WR
Treylon Burks,Treylon Burks,WR,WR
Tyquan Thornton,Tyquan Thornton,WR,WR
Wan'Dale Robinson,Wan'Dale Robinson,WR,WR
Mike Vick,Michael Vick,QB,QB
Robert Griffin,Robert Griffin III,QB,QB
EJ Manuel,E.J. Manuel,QB,QB
Mitchell Trubisky,Mitch Trubisky,QB,QB
Patrick Mahomes,Patrick Mahomes II,QB,QB
Phillip Walker,PJ Walker,QB,QB
Gardner Minshew,Gardner Minshew II,QB,QB
Beanie Wells,Chris Beanie Wells,RB,RB
Cadillac Williams,Carnell Cadillac Williams,RB,RB
Legedu Naanee,Legedu Naanee,RB,RB
Dexter McCluster,Dexter McCluster,RB,RB
Mark Ingram,Mark Ingram II,RB,RB
Trent Richardson,Trent Richardson,,RB
Benny Cunningham,Benny Cunningham Jr.,RB,RB
Ryan Hewitt,Ryan Hewitt,TE,RB
Melvin Gordon,Melvin Gordon III,RB,RB
Todd Gurley,Todd Gurley II,RB,RB
Duke Johnson,Duke Johnson Jr.,RB,RB
Ty Montgomery,Ty Montgomery,WR,RB
Rob Kelley,Robert Kelley,RB,RB
Wayne Gallman,Wayne Gallman Jr.,RB,RB
Alex Armah,Alex Armah Jr.,RB,RB
Ronald Jones,Ronald Jones II,RB,RB
John Kelly,John Kelly Jr.,RB,RB
Jeffery Wilson,Jeff Wilson Jr.,RB,RB
Darrell Henderson,Darrell Henderson Jr.,RB,RB
Benny Snell,Benny Snell Jr.,RB,RB
Kerrith Whyte,Kerrith Whyte Jr.,RB,RB
,Bruce Anderson III,,RB
Travis Etienne,Travis Etienne Jr.,RB,RB
A.J. Dillon,AJ Dillon,RB,RB
Anthony McFarland,Anthony McFarland Jr.,RB,RB
Tony Jones,Tony Jones Jr.,RB,RB
Larry Rountree,Larry Rountree III,RB,RB
Patrick Taylor,Patrick Taylor Jr.,RB,RB
Jamycal Hasty,JaMycal Hasty,RB,RB
,Pooka Williams Jr.,,RB
Brian Robinson,Brian Robinson Jr.,RB,RB
Demetric Felton,Demetric Felton Jr.,RB,RB
Ken Walker,Ken Walker III,RB,RB
Tre Harbison III,Tre Harbison III,RB,RB
Otis Anderson,Otis Anderson Jr.,RB,RB
Pierre Strong,Pierre Strong Jr.,RB,RB
Timothy Wright,Tim Wright,TE,TE
David Morgan,David Morgan II,TE,TE
Taysom Hill,Taysom Hill,QB,TE
Chris Herndon,Chris Herndon IV,TE,TE
Irv Smith,Irv Smith Jr.,TE,TE
Donald Parham,Donald Parham Jr.,TE,TE
Giovanni Ricci,Giovanni Ricci,TE,TE
Ted Ginn,Ted Ginn Jr.,TE,WR
Terelle Pryor,Terrelle Pryor Sr.,WR,WR
Mohamed Sanu,Mohamed Sanu Sr.,WR,WR
Marvin Jones,Marvin Jones Jr.,WR,WR
Allen Robinson,Allen Robinson II,WR,WR
Odell Beckham,Odell Beckham Jr.,WR,WR
Paul Richardson,Paul Richardson Jr.,WR,WR
T.J. Jones,TJ Jones,WR,WR
Willie Snead,Willie Snead IV,WR,WR
Bennie Fowler,Bennie Fowler III,WR,WR
Devin Funchess,Devin Funchess,TE,WR
Phillip Dorsett,Phillip Dorsett II,WR,WR
William Fuller,William Fuller V,WR,WR
Jakeem Grant,Jakeem Grant Sr.,WR,WR
Robby Anderson,Robbie Anderson,WR,WR
Keelan Cole,Keelan Cole Sr.,WR,WR
Victor Bolden,Victor Bolden Jr.,WR,WR
Cyril Grayson,Cyril Grayson Jr.,WR,WR
Cedrick Wilson,Cedrick Wilson Jr.,WR,WR
D.J. Moore,DJ Moore,WR,WR
D.J. Chark,DJ Chark Jr.,WR,WR
Richie James,Richie James Jr.,WR,WR
Hakeem Butler,Hakeem Butler,TE,WR
J.J. Arcega-Whiteside,J.J. Arcega-Whiteside,TE,WR
,KaVontae Turpin,,WR
Gary Jennings,Gary Jennings Jr.,WR,WR
Stanley Morgan,Stanley Morgan Jr.,WR,WR
,Bisi Johnson,,WR
Scott Miller,Scotty Miller,WR,WR
Jason Moore,Jason Moore Jr.,WR,WR
Steven Sims,Steven Sims Jr.,WR,WR
Henry Ruggs,Henry Ruggs III,WR,WR
Laviska Shenault,Laviska Shenault Jr.,,WR
K.J. Hamler,KJ Hamler,WR,WR
Michael Pittman,Michael Pittman Jr.,WR,WR
K.J. Hill,KJ Hill Jr.,WR,WR
James Proche,James Proche II,WR,WR
Gabe Davis,Gabriel Davis,WR,WR
Lynn Bowden,Lynn Bowden Jr.,WR,WR
Malcolm Perry,Malcolm Perry,RB,WR
,Rysen John,,WR
,Marlon Williams,,WR
D'Wayne Eskridge,Dee Eskridge,WR,WR
Josh Palmer,Joshua Palmer,WR,WR
John Metchie,John Metchie III,WR,WR
Terrace Marshall,Terrace Marshall Jr.,WR,WR
Calvin Austin,Calvin Austin III,WR,WR
Velus Jones,Velus Jones Jr.,WR,WR